exemplo,6643523425,
exemplo2,664536253,
exemplo2,664536253,
exemplo2,664536253,
exemplo2,664536253,
exemplo2,664536253,
exemplo2,664536253,
exemplo2,664536253,
exemplo2,664536253,
exemplo2,664536253,
exemplo2,664536253,
exemplo2,664536253,
exemplo2,664536253,
exemplo2,664536253,
exemplo2,664536253,
exemplo2,664536253,
exemplo2,664536253,
exemplo2,664536253,
exemplo2,664536253,
exemplo2,664536253,
exemplo2,664536253,
exemplo2,664536253,
exemplo2,664536253,
exemplo2,664536253,
exemplo2,664536253,
exemplo2,664536253,
exemplo2,664536253,
exemplo2,664536253,
exemplo2,664536253,
exemplo2,664536253,
